00001,???,00183,CHAIN  -  GALV - 5/16'
00011,ACTION DEGREASER (1 GAL),00184,CHAIN  -  GALV - 5/8'
00012,ACTION DEGREASER (CASE),00185,CHAIN  -  GALV - 7/16'
00013,ALUMINUM BRIGHTENER,00186,CHAIN  -  GALV - 7/8'
00034,BASKET - PURPLE (LARGE),00187,CHAIN  -  HIGH TEST GALV - 1/2'
00068,BELT SUPPORT,00188,CHAIN  -  HIGH TEST GALV - 3/4'
00070,BLACK & YELLOW (LARGE),00189,CHAIN  -  HIGH TEST GALV - 3/8'
00071,BLACK & YELLOW (SMALL),00190,CHAIN  -  HIGH TEST GALV - 7/16'
00131,CABLE CLAMP  -  GALV - 1',00191,CHAIN  -  HIGH TEST GALV - 7/8'
00132,CABLE CLAMP  -  GALV - 1/2',00192,CHAIN  -  SS - 1/2'
00133,CABLE CLAMP  -  GALV - 1/4',00193,CHAIN  -  SS - 1/4'
00134,CABLE CLAMP  -  GALV - 1-1/8',00194,CHAIN  -  SS - 3/8'
00135,CABLE CLAMP  -  GALV - 3/4',00195,CHAIN  -  SS - 3/8' (400' BARREL)
00136,CABLE CLAMP  -  GALV - 3/8',00196,CHAIN  -  SS - 5/16' (BARREL OF 275')
00137,CABLE CLAMP  -  GALV - 5/16',00197,CHAIN  -  SS - 5/16' (BARREL OF 275')
00138,CABLE CLAMP  -  GALV - 5/8',00198,CHAIN  -  SS - 5/8'
00139,CABLE CLAMP  -  GALV - 7/16',00199,CHAIN  -  SS - 7/16'
00140,CABLE CLAMP  -  GALV - 7/8',00200,CHAIN  -  SS - 7/8'
00141,CABLE CLAMP  -  SS - 1',00201,CHAIN  -  SS - 9/16'
00142,CABLE CLAMP  -  SS - 1/2',00202,CHAIN - 60 FULL LINK
00143,CABLE CLAMP  -  SS - 1/4',00203,CHAIN - 60 HALF LINK
00144,CABLE CLAMP  -  SS - 3/16',00204,CHAIN - GALV - 3/8 (200' BARREL)
00145,CABLE CLAMP  -  SS - 3/4',00205,CHAIN - GALV - HT - 5/16' (BARREL)
00146,CABLE CLAMP  -  SS - 3/8',00210,CHAIN STOPPER  -  SS - 1/2'
00147,CABLE CLAMP  -  SS - 5/16',00211,CHAIN STOPPER  -  SS - 9/16'
00148,CABLE CLAMP  -  SS - 5/8',00213,CLAMP SS 2.1/2'
00149,CABLE CLAMP  -  SS - 7/16',00256,CULLING RAKE
00150,CABLE CLAMP  -  SS - 7/8',00262,DECK BRUSH - MAROON
00151,CABLE CLAMP - GALV - 1-1/4',00263,DECK HANDLE WITH SCREW
00152,CABLE CLAMP - SS - 9/16',00274,DUCT TAPE
00159,CABLE SS  -  1',00279,ELECTRIC BLACK TAPE
00160,CABLE SS  -  1/2',00284,ENDALL RUST
00161,CABLE SS  -  1/4',00323,EXTENSION CORD - 50'
00162,CABLE SS  -  11/16',00411,FIRST AID KIT
00163,CABLE SS  -  3/4',00412,FISH EYE - ALUMINUM
00164,CABLE SS  -  3/8',00413,FISH EYE - SS
00165,CABLE SS  -  5/16',00414,FISH SHOOTER
00166,CABLE SS  -  5/8',00415,FISH SHOOTER - DOUBLE BRAIDED
00167,CABLE SS  -  7/16',00418,FISKAR SCISSOR
00168,CABLE SS  -  7/8',00420,FLARE - BOUYANT SMOKE SIGNAL ORANGE
00169,CABLE SS  -  9/16',00421,FLARE - HAND
00177,CHAIN  -  GALV - 1',00422,FLARE - PARACHUTE
00178,CHAIN  -  GALV - 1/2',00433,FLOAT - PURPLE HARD 8'
00179,CHAIN  -  GALV - 1/4',00459,GLOVE FREEZER - PAIR
00180,CHAIN  -  GALV - 3/16',00460,GLOVE RUBBER DOTTED - PAIR
00181,CHAIN  -  GALV - 3/4',00461,GLOVE YELLOW - DOZEN
00182,CHAIN  -  GALV - 3/8',00462,GLOVE YELLOW - PAIR
00465,GOJO - GALLON,00796,RING - GALV 5/8X5'
00467,GREASE GUN - HOSE,00797,RING - SS 1/2'
00475,HAMMER,00798,RING - SS 1/4'
00476,HAMMER - LONG NAIL,00799,RING - SS 5/8 X 4
00492,HOOK - SHRIMP (CHINA),00800,RING - SS 5/8 X 5
00493,HOOK - SHRIMP (USA),00801,RING BUOY 24'
00494,HOOK GALVANIZED 1',00802,RING BUOY 30'
00495,HOOK GALVANIZED 1.1/4',00803,RING GALV - 1/2' X 5'
00496,HOOK GALVANIZED 1.1/8',00804,RING GALV - 5X8' X 6'
00497,HOOK GALVANIZED 1.3/8',00805,RING SS - 1/2' X 5'
00498,HOOK GALVANIZED 1/2',00806,RING SS - 1/4'
00499,HOOK GALVANIZED 3/4',00807,RING SS - 5/8'X6'
00500,HOOK GALVANIZED 5/8',00824,ROPE - 3/8' SOLID BRAIDED TYLINE TEXTURED (REEL)
00501,HOOK GALVANIZED 7/8',00825,ROPE - 3/8' TYLINE TEXTURED #12
00502,HOOK SS - 1',00826,ROPE - BRAIDED ROPE #4
00503,HOOK SS - 1.1/4',00827,ROPE - BRAIDED ROPE #5
00504,HOOK SS - 1.1/8',00828,ROPE - BRAIDED ROPE #6 - 1/2'
00505,HOOK SS - 1.3/8',00829,ROPE - DANLINE 5/16' (REEL)
00506,HOOK SS - 1/2',00830,ROPE - DB #6
00507,HOOK SS - 3/4',00831,ROPE - DB 5/16' (SPOOL)
00508,HOOK SS - 5/8',00832,ROPE - DB BD - 3/8'
00509,HOOK SS - 7/8',00833,ROPE - DB BD #5
00510,HOOK SS - 9/16',00834,ROPE - DB BD #8 1/4' (REEL)
00515,HOSE RED - 1-1/2' (FT),00835,ROPE - DB BD 1/2' #16
00516,HOSE RED - 1-1/4' (FT),00836,ROPE - DB BD 1/2' #16 (250')
00528,KNIFE - PARING WHITE,00837,ROPE - DB BD 5/16'
00531,KNIFE - VICTORINOX JAGGED,00838,ROPE - DB BD 5/32' (1000')
00533,KNIFE VICTORINOX,00839,ROPE - SUPERDAC 1-1/8' (REEL)
00550,LIGHT MARKER,00840,ROPE - TYLINE DB BD 1/2' (REEL)
00571,MARINE SIGNAL HORN,00841,ROPE - TYLINE DB BD 1/2' FT
00572,MASTER LINK,00842,ROPE - TYLINE DB BD 3/16' (REEL
00595,MUD ROLLER 9',00843,ROPE BLUE TRACER COMBO - 1/2' (REEL)
00597,MYSTIK JT-6 GREASE,00844,ROPE BLUE TRACER COMBO - 3/8' (REEL)
00598,MYSTIK JT-6 GREASE (BOX),00845,ROPE BLUE TRACER COMBO - 7/16' (REEL)
00599,MYSTIK OG-5,00846,ROPE NYLON - 1.1/2' (REEL)
00600,MYSTIK OG-5 (BOX),00847,ROPE NYLON - 1.1/4' (REEL)
00602,NEEDLE - LARGE,00848,ROPE NYLON - 1.3/4' (REEL)
00603,NEEDLE - LONG,00849,ROPE NYLON - 1.5/8' (REEL)
00604,NEEDLE - MEDIUM,00850,ROPE NYLON - 2' (REEL)
00605,NEEDLE - SHORT,00851,ROPE NYLON - 2-1/4' (REEL)
00644,PACK OF CABLE TIE,00852,ROPE POLYDAC - 1'
00767,PUSH STICK - ALUMINUM LONG ,00853,ROPE POLYDAC - 1' (REEL)
00768,PUSH STICK - ALUMINUM SHORT,00854,ROPE POLYDAC - 1.1/2'
00769,PUSH STICK - WOODEN,00855,ROPE POLYDAC - 1.1/2' (REEL)
00778,RAG - BOX,00856,ROPE POLYDAC - 1.1/4'
00794,RING - GALV 1/2',00857,ROPE POLYDAC - 1.1/4' (REEL)
00795,RING - GALV 1/4',00858,ROPE POLYDAC - 1.1/8'
00859,ROPE POLYDAC - 1.1/8' (REEL),00923,SHACKLE COMM - 3/4'
00860,ROPE POLYDAC - 1.5/8',00924,SHACKLE COMM - 3/8'
00861,ROPE POLYDAC - 1.5/8' (REEL),00925,SHACKLE COMM - 5/16'
00862,ROPE POLYDAC - 1/2',00926,SHACKLE COMM - 5/8'
00863,ROPE POLYDAC - 1/2' (REEL),00927,SHACKLE COMM - 7/16'
00864,ROPE POLYDAC - 1/4',00928,SHACKLE COMM - 7/8'
00865,ROPE POLYDAC - 1/4' (REEL),00929,SHACKLE L/R - 1'
00866,ROPE POLYDAC - 3/4',00930,SHACKLE L/R - 1.1/2'
00867,ROPE POLYDAC - 3/4' (REEL),00931,SHACKLE L/R - 1.1/4'
00868,ROPE POLYDAC - 3/8',00932,SHACKLE L/R - 1.1/8'
00869,ROPE POLYDAC - 3/8' (REEL),00933,SHACKLE L/R - 1.3/8'
00870,ROPE POLYDAC - 5/16',00934,SHACKLE L/R - 1/2'
00871,ROPE POLYDAC - 5/16' (REEL),00935,SHACKLE L/R - 1/4'
00872,ROPE POLYDAC - 5/8',00936,SHACKLE L/R - 1-3/4'
00873,ROPE POLYDAC - 5/8' (REEL),00937,SHACKLE L/R - 3/16'
00874,ROPE POLYDAC - 7/16',00938,SHACKLE L/R - 3/4'
00875,ROPE POLYDAC - 7/16' (REEL),00939,SHACKLE L/R - 3/8'
00876,ROPE POLYDAC - 7/8',00940,SHACKLE L/R - 5/16'
00877,ROPE POLYDAC - 7/8' (REEL),00941,SHACKLE L/R - 5/8'
00878,ROPE POLYPRO - 1',00942,SHACKLE L/R - 7/16'
00879,ROPE POLYPRO - 1' (REEL),00943,SHACKLE L/R - 7/8'
00880,ROPE POLYPRO - 1.1/8' (REEL),00944,SHACKLE SS - 1'
00881,ROPE POLYPRO - 1/2',00945,SHACKLE SS - 1/2'
00882,ROPE POLYPRO - 1/2' (REEL),00946,SHACKLE SS - 1/4'
00883,ROPE POLYPRO - 1-1/8',00947,SHACKLE SS - 3/16'
00884,ROPE POLYPRO - 2' (REEL),00948,SHACKLE SS - 3/4'
00885,ROPE POLYPRO - 3/4',00949,SHACKLE SS - 3/8'
00886,ROPE POLYPRO - 3/4' (REEL),00950,SHACKLE SS - 5/16'
00887,ROPE POLYPRO - 3/8',00951,SHACKLE SS - 5/8'
00888,ROPE POLYPRO - 3/8' (REEL),00952,SHACKLE SS - 7/16'
00889,ROPE POLYPRO - 5/16' (REEL),00953,SHACKLE SS - 7/8'
00890,ROPE POLYPRO - 5/8',00954,SHACKLE SS - 9/16'
00891,ROPE POLYPRO - 5/8' (REEL),00959,SHOVEL - ICE
00892,ROPE POLYPRO - 7/16' (REEL),00960,SHOVEL - ICE BREAKER
00893,ROPE POLYPRO - 7/8',00962,SHRIMP SACK
00894,ROPE POLYPRO - 7/8' (REEL),00973,SLICKER BIB PANT - HEAVY DUTY
00895,ROPE POLYPRO 1-1/4' (REEL),00974,SLICKER BIB PANT - LIGHTWEIGHT
00896,ROPE POLYPRO BLUE-BLACK - 1',00975,SLICKER COAT JACKET - HEAVY DUTY
00897,ROPE POLYPRO YELLOW-BLACK - 1',00976,SLICKER COAT JACKET - LIGHTWEIGHT
00898,RUBBER BOOTS,00977,SNAP HOOK - GALV 7/8'
00901,RUST DISSOLVE,00978,SNAP HOOK GALVANIZED 1.1/4'
00902,S HOOK - GALV,00979,SNAP HOOK SS - 1/2'
00906,SCALE - KITCHEN 11LBS,00980,SNAP HOOK SS - 3/16'
00919,SHACKLE - GREEN HEAVY DUTY 1',00981,SNAP HOOK SS - 3/8'
00920,SHACKLE COMM - 1/2',00982,SNAP HOOK SS - 7/16'
00921,SHACKLE COMM - 1/4',00983,SNAP HOOK SS - 9/16'
00922,SHACKLE COMM - 3/16',00987,SODIUM
01003,STANDARD GREASE GUN,01080,TRYNET DOOR PLASTIC 17x30
01014,STOOL,01081,TRYNET DOOR PLASTIC 18x33
01018,SWIVEL GALV 1',01082,TRYNET DOOR STEEL
01019,SWIVEL GALV 1/2',01083,TRYNET SPRING
01020,SWIVEL GALV 1/4',01084,TS2 R404A
01021,SWIVEL GALV 3/4',01086,TURNBUCKLE -  J&J 1'x6'
01022,SWIVEL GALV 3/8',01087,TURNBUCKLE GALV JAW 1.1/4X12'
01023,SWIVEL GALV 5/16',01088,TURNBUCKLE GALV JAW 1/2X6'
01024,SWIVEL GALV 5/8',01089,TURNBUCKLE GALV JAW 1X12'
01025,SWIVEL GALV 7/16',01090,TURNBUCKLE GALV JAW 3/4X12'
01026,SWIVEL GALV 7/8',01091,TURNBUCKLE GALV JAW 5/8X6'
01027,SWIVEL SS -  3/4',01092,TURNBUCKLE GALV JAW 7/8X12'
01028,SWIVEL SS - 1',01093,TURNBUCKLE SS EYE TO EYE - 1/2'
01029,SWIVEL SS - 1/2',01094,TURNBUCKLE SS EYE TO EYE - 3/4'
01030,SWIVEL SS - 1/4',01095,TURNBUCKLE SS JAW 3/4X6'
01031,SWIVEL SS - 3/8',01096,TURNBUCKLE SS JAW 5/8X6'
01032,SWIVEL SS - 5/16',01097,TURNBUCKLE SS JAW TO JAW - 1/4'
01033,SWIVEL SS - 5/8',01099,TWINE - BRAIDED 2LB
01034,SWIVEL SS - 7/16',01100,TWINE - GREEN
01035,SWIVEL SS - 7/8',01101,TWINE - PURPLE 1LB
01045,TEFLON WHITE TAPE,01102,TWINE - WHITE
01050,THIMBLE GALV - 1',01115,WD-40
01051,THIMBLE GALV - 1/2',01141,WHISTLE
01052,THIMBLE GALV - 1-1/2',01145,WINDOW SCREW
01053,THIMBLE GALV - 1-1/4',01148,WOODEN FLIPPER 12'
01054,THIMBLE GALV - 3/4',01149,WOODEN FLIPPER 5'
01055,THIMBLE GALV - 3/8',01150,WOODEN FLIPPER 6'
01056,THIMBLE GALV - 5/8',01151,WOODEN KEEPER
01057,THIMBLE GALV - 7/16',01152,WRENCH 10'
01058,THIMBLE GALV - 7/8',01153,WRENCH 12'
01059,THIMBLE GALV - 9/16',01154,WRENCH 15'
01060,THIMBLE SS - 1',01179,ZINC BAR - 12LBS
01061,THIMBLE SS - 1/2',01180,ZINC BAR - 24LBS
01062,THIMBLE SS - 1/4',,
01063,THIMBLE SS - 1-1/4',,
01064,THIMBLE SS - 3/4',,
01065,THIMBLE SS - 3/8',,
01066,THIMBLE SS - 5/16',,
01067,THIMBLE SS - 5/8',,
01068,THIMBLE SS - 7/16',,
01069,THIMBLE SS - 7/8',,
01070,THIMBLE SS - 9/16',,
01075,TRYNET,,
01076,TRYNET - DOOR FIBERGLASS,,
01077,TRYNET - HOOK,,
01078,TRYNET DOOR 16X30,,
01079,TRYNET DOOR 18X36,,